word,freq
luxury,738
village,728
manhattan,570
spacious,566
studio,555
nyc,479
midtown,454
central,441
williamsburg,434
modern,410
brooklyn,399
beautiful,398
duplex,375
new,364
large,342
chelsea,329
sonder,277
gym,277
times,273
sunny,259
doorman,257
soho,257
side,256
bright,256
views,252
amazing,239
brownstone,227
upper,226
blueground,226
townhouse,225
garden,223
prime,216
charming,209
huge,206
house,189
penthouse,189
bd,187
suite,186
terrace,185
city,181
view,180
kitchen,177
rooftop,163
sq,156
great,155
gorgeous,151
th,150
stock,148
exchange,148
best,147
york,141
floor,139
stunning,139
bedrooms,135
building,132
renovated,130
tribeca,124
condo,122
uws,122
bdrm,121
street,120
balcony,120
quiet,118
full,114
downtown,114
perfect,112
family,112
two,111
entire,107
luxurious,105
designer,103
slope,102
harlem,102
clean,100
chic,100
oasis,100
hill,100
deck,99
sleeps,98
st,98
subway,97
stylish,96
roof,95
lux,94
backyard,94
pool,93
lower,92
space,88
historic,87
big,86
beds,86
steps,85
gem,84
center,83
lovely,83
patio,83
greenwich,82
ave,80
ny,80
ues,80
artist,79
high,76
b,75
place,75
brand,75
ft,74
time,69
nolita,69
gramercy,68
wyndham,66
union,65
flat,65
walk,63
light,63
heights,60
service,59
hell,59
living,59
guest,59
river,57
mins,56
next,56
flatiron,55
unique,55
friendly,55
laundry,53
bdr,53
classic,53
filled,53
sofa,52
elegant,52
fee,52
newly,52
king,51
club,51
greenpoint,50
wall,48
sun,48
block,48
elevator,48
super,47
bushwick,47
airy,46
away,46
area,46
empire,45
deluxe,45
furnished,45
located,45
greene,45
state,43
spectacular,43
lincoln,43
district,42
comfy,42
trendy,42
water,41
train,40
indoor,40
outdoor,39
bathroom,39
columbus,39
minutes,38
triplex,38
fort,37
baths,37
story,37
dream,37
stay,36
grand,36
skyline,36
yard,36
bk,36
tower,36
avenue,36
prospect,35
fidi,35
top,35
art,35
convenient,35
beach,35
beekman,34
getaway,34
style,34
circle,34
serviced,33
dryer,32
presidential,31
noho,31
comfortable,31
nash,30
lounge,30
double,30
madison,30
rise,29
south,29
jfk,28
neighborhood,28
hudson,28
astoria,27
washer,27
bth,27
sf,27
hidden,27
families,27
hip,27
free,27
clinton,27
sqft,26
cute,26
awesome,26
mid,26
hells,25
cobble,25
sanctuary,25
everything,25
roofdeck,24
artsy,24
nd,24
broadway,24
three,24
queen,24
open,23
sutton,23
peaceful,23
level,23
retreat,23
massive,23
summer,23
blocks,22
experience,22
groups,22
pad,22
townhome,22
crown,22
queens,22
incredible,22
like,22
meatpacking,22
gardens,21
rd,21
charm,21
fully,21
rare,21
little,21
town,21
luxe,21
drenched,21
murray,21
unit,20
urban,20
events,20
breakfast,20
contemporary,20
ppl,20
airbnb,20
bowl,20
columbia,20
rooms,20
fun,19
fantastic,19
upscale,19
quaint,19
true,19
chinatown,19
ideal,19
century,19
parking,19
theater,18
bklyn,18
sleek,18
sophisticated,18
bay,18
magnificent,18
rental,18
centrally,18
financial,18
bldg,18
bohemian,18
star,18
fabulous,17
design,17
pre,17
whole,17
shoots,16
vacation,16
carroll,16
waterfront,16
superbowl,16
residence,16
serene,16
hilton,16
kind,16
floors,16
bluebird,16
amenities,16
corner,16
cool,16
north,16
vibrant,16
guests,16
washington,16
sky,15
highline,15
available,15
stop,15
office,15
live,15
sleep,15
fl,15
roomy,15
boutique,15
trains,15
authentic,15
real,15
stuy,15
bedford,15
industrial,15
sweet,15
metro,15
comfort,15
beauty,15
spot,15
brick,15
zen,14
people,14
nice,14
alcove,14
bedrm,14
warm,14
resort,14
biltmore,14
artistic,14
italy,14
island,14
dumbo,14
boerum,14
sqr,13
photo,13
size,13
bathrooms,13
smart,13
casa,13
wifi,13
superior,13
wburg,13
mansion,13
right,13
tranquil,13
safe,13
escape,12
original,12
bedstuy,12
pied,12
dreamy,12
nomad,12
paradise,12
ultra,12
days,12
san,12
terre,12
yards,12
premium,12
lofty,12
special,12
sundeck,12
pristine,12
small,12
flr,11
junior,11
cosy,11
bridge,11
hideaway,11
sunlit,11
well,11
hall,11
simple,11
day,11
eclectic,11
rent,11
line,11
kips,11
access,11
carlos,11
breathtaking,11
overlooking,11
homey,11
station,11
part,11
ev,10
epic,10
lga,10
event,10
carriage,10
rustic,10
natural,10
sublet,10
delightful,10
gallery,10
box,10
penn,10
affordable,10
ceilings,10
single,10
victorian,10
classy,10
lively,10
tree,10
fireplace,10
years,10
christmas,10
spa,10
spring,10
designed,10
ground,10
landmark,10
airport,10
executive,10
museum,10
dapper,9
wonderful,9
sqf,9
row,9
enjoy,9
priv,9
stately,9
entrance,9
back,9
kids,9
prewar,9
windows,9
svcd,9
eve,9
skylight,9
love,9
long,9
sixth,9
term,9
parlor,9
minute,9
apple,9
lavish,9
lots,9
artful,9
middle,9
xl,9
immaculate,9
price,8
burg,8
welcome,8
fifth,8
pvt,8
hanover,8
regis,8
charmer,8
magical,8
see,8
rockaway,8
tasteful,8
creative,8
beautifully,8
old,8
premier,8
find,8
lyric,8
hot,8
kid,8
carnegie,8
palace,8
good,8
msg,8
boho,8
bowery,8
vintage,7
master,7
nook,7
green,7
splendid,7
appartment,7
quintessential,7
stops,7
extra,7
plus,7
flatbush,7
pk,7
vill,7
wv,7
bbq,7
riverside,7
distance,7
across,7
year,7
fitness,7
weekend,7
hills,7
ditmas,7
rockefeller,7
world,7
front,7
posh,7
calming,7
nest,7
oversized,7
hk,7
adorable,7
mccarren,7
legal,6
marathon,6
pretty,6
mile,6
cheery,6
red,6
lofted,6
fits,6
excellent,6
deco,6
featured,6
lush,6
monthly,6
heaven,6
reviews,6
marks,6
walking,6
welive,6
tub,6
quite,6
iconic,6
artists,6
surf,6
flushing,6
lic,6
ph,6
forest,6
welcoming,6
ultimate,6
westside,6
group,6
holiday,6
staten,6
plush,6
hook,6
lined,6
visit,6
unbeatable,6
exquisite,6
sharp,6
avail,6
notorious,6
film,6
country,6
first,6
equipped,6
friends,6
architect,6
fab,6
make,6
jewel,6
thanksgiving,6
deal,6
converted,6
convenience,6
exposed,5
short,5
basement,5
r,5
perfectly,5
balconies,5
bungalow,5
uptown,5
exclusive,5
grilling,5
church,5
superhost,5
hi,5
extremely,5
parisian,5
border,5
lrg,5
factory,5
tons,5
tranquility,5
john,5
playful,5
bryant,5
built,5
listing,5
romantic,5
elegance,5
midcentury,5
sunset,5
life,5
lights,5
lex,5
express,5
entrances,5
four,5
vip,5
brm,5
tudor,5
pent,5
ac,5
kissena,5
idyllic,5
swimming,5
pleasant,5
sofabed,5
relaxed,5
hr,5
colorful,5
sauna,5
bdrms,5
neo,5
timesq,5
bds,5
rm,5
pl,5
superb,5
calm,5
enormous,5
jacuzzi,5
eastside,5
duplx,5
jr,5
cottage,5
suites,5
panoramic,5
incentra,5
laguardia,5
feet,5
lit,5
mind,5
ceiling,5
apart,5
ready,5
inspired,5
polished,5
cafes,4
sugar,4
cinema,4
baby,4
party,4
university,4
terraces,4
shared,4
thru,4
apartament,4
brilliant,4
alphabet,4
million,4
bnb,4
designers,4
decorated,4
major,4
spanish,4
secret,4
holidays,4
nyu,4
liberty,4
yorker,4
warehouse,4
expansive,4
famous,4
historical,4
speakeasy,4
giant,4
attractions,4
point,4
esb,4
shops,4
nan,4
restaurants,4
renovation,4
minimalist,4
statue,4
hood,4
univ,4
sundrenched,4
hipster,4
fashion,4
cheerful,4
barclays,4
discount,4
museums,4
night,4
soaked,4
loc,4
last,4
serenity,4
work,4
nights,4
rowhouse,4
bespoke,4
everywhere,4
plaza,4
discounted,4
meets,4
details,4
minimal,4
limestone,4
herald,4
landmarked,4
javits,4
restful,4
touch,4
get,4
dining,4
continental,4
vibes,4
windsor,4
celebrity,4
website,4
facing,4
magic,4
yoga,4
nestled,4
p,4
royal,4
yankee,4
lofts,4
reno,4
appartement,4
class,4
highrise,4
manhatan,4
easy,4
european,4
action,4
sweeping,4
restaurant,4
f,4
marriott,4
chef,4
parks,4
specious,3
number,3
furniture,3
gracious,3
us,3
cp,3
trendi,3
triple,3
within,3
timesquare,3
diamond,3
gold,3
enclave,3
ample,3
character,3
awaits,3
accommodation,3
hirise,3
kitchenette,3
bronx,3
college,3
cutest,3
wow,3
sexy,3
host,3
june,3
eco,3
gatherings,3
locale,3
barclay,3
upto,3
valet,3
theatre,3
elev,3
week,3
outstanding,3
fast,3
production,3
skylit,3
amazingly,3
july,3
bkln,3
skyview,3
favorite,3
recently,3
oct,3
ride,3
book,3
relaxing,3
plant,3
centralpark,3
rated,3
mln,3
exhibitions,3
traditional,3
trade,3
phone,3
slice,3
hts,3
local,3
gut,3
shopping,3
crashpad,3
explore,3
ctr,3
iii,3
duane,3
music,3
sparkling,3
separate,3
hearth,3
popular,3
pulse,3
astor,3
treetop,3
coney,3
lombardy,3
yacht,3
dazzling,3
treasure,3
tv,3
pickup,3
spend,3
build,3
height,3
brklyn,3
fresh,3
max,3
usd,3
q,3
gigantic,3
recording,3
morning,3
united,3
distinct,3
daily,3
truly,3
zero,3
winter,3
bold,3
organic,3
vinegar,3
value,3
soha,3
wraparound,3
august,3
bar,3
swanky,3
outside,3
sunlight,3
grill,3
manhatten,3
layout,3
dm,3
apts,3
must,3
fall,3
study,3
strawberry,3
pro,3
offer,3
divine,3
treehouse,3
food,3
bedrms,3
villa,3
sunnyside,3
dope,3
stadium,3
happy,3
remodeled,3
uppereastside,3
seaport,3
desirable,3
timeless,3
pride,3
fields,3
bond,3
g,3
lg,3
horizon,3
nr,3
stuyvesant,3
harbor,3
curated,3
updated,3
flrs,2
cost,2
couch,2
pure,2
incl,2
williamsbug,2
colonial,2
filming,2
bedrrom,2
kept,2
subways,2
sheraton,2
decor,2
simulator,2
ps,2
add,2
lease,2
video,2
sep,2
arty,2
darling,2
tompkins,2
highest,2
resident,2
privacy,2
director,2
stars,2
foot,2
secure,2
clouds,2
dogs,2
studios,2
skyscraper,2
grdn,2
terrific,2
essex,2
luxary,2
enchanted,2
walkup,2
railroad,2
apollo,2
kg,2
cultural,2
effective,2
five,2
shows,2
photoshoots,2
houseboat,2
aug,2
minimum,2
staycation,2
eye,2
inside,2
beam,2
insane,2
magazine,2
rentals,2
closet,2
belmont,2
william,2
later,2
parkway,2
split,2
royalton,2
sized,2
travelers,2
inwood,2
market,2
blks,2
dramatic,2
dinner,2
xtra,2
piano,2
battery,2
ap,2
unicorn,2
month,2
morden,2
wknd,2
ever,2
ridge,2
shoot,2
lenox,2
upperwest,2
walls,2
ts,2
upperwestside,2
architectural,2
edgy,2
court,2
snazzy,2
meetings,2
together,2
nations,2
flex,2
castle,2
brookyln,2
voted,2
intimate,2
glamorous,2
heated,2
trees,2
ridgewood,2
x,2
bleecker,2
wingate,2
ball,2
show,2
way,2
plg,2
waters,2
dashing,2
need,2
levels,2
crossroads,2
eastvillage,2
mesmerizing,2
third,2
parade,2
transport,2
read,2
jersey,2
owners,2
jazz,2
soul,2
wild,2
architecturally,2
wk,2
blue,2
nov,2
crash,2
yr,2
rose,2
mattress,2
saint,2
looking,2
cent,2
couple,2
buses,2
patios,2
westvillage,2
cen,2
sb,2
relax,2
airports,2
today,2
dandy,2
steam,2
clever,2
cabin,2
refurbished,2
lifestyle,2
edge,2
specials,2
accomodations,2
james,2
english,2
stonewall,2
longer,2
step,2
glam,2
movie,2
headquarters,2
astonishing,2
dplx,2
woodside,2
campus,2
ensuite,2
stays,2
usq,2
brd,2
hey,2
domino,2
fashionable,2
beat,2
musician,2
adults,2
sundecks,2
golf,2
killer,2
daylight,2
safari,2
cali,2
rate,2
ocean,2
condominium,2
late,2
bths,2
wash,2
radiant,2
projector,2
handsome,2
chrysler,2
cleaning,2
hotspot,2
sunrise,2
privately,2
semi,2
sites,2
community,2
bergen,2
condos,2
hide,2
construction,2
owner,2
manor,2
carol,2
shop,2
earlybirddiscount,2
business,2
march,2
balconygym,2
may,2
bld,2
captivating,2
flare,2
six,2
standard,2
table,2
april,2
abode,2
play,2
track,2
quirky,2
chill,2
garage,2
lafayette,2
crisp,2
piece,2
beachfront,2
travel,2
tsquare,2
points,2
budget,2
cottagestyle,2
lexington,2
hunters,2
apartments,2
rms,2
co,2
concept,2
dollar,2
reserve,2
moroccan,2
massage,2
neat,2
degree,2
nursery,2
ferry,2
leafy,2
nearby,2
gigs,2
palatial,2
murry,2
lgbt,2
apartement,2
interior,2
iron,2
seaside,2
funky,2
yorkville,2
dec,2
sunroom,2
eccentric,2
greenhouse,2
public,2
retro,2
parlour,2
appointed,2
vue,2
northern,2
pond,2
hospitals,2
nyer,2
air,2
ok,2
greenwhich,2
bus,2
labor,2
maison,2
photography,2
bachelor,1
jaccuzi,1
dubmo,1
anchor,1
ritz,1
cir,1
prvte,1
cable,1
kettering,1
something,1
poppin,1
core,1
decorators,1
tabor,1
hottub,1
bedm,1
custom,1
students,1
america,1
fls,1
manh,1
looks,1
ashly,1
otheroom,1
hse,1
uni,1
bayridge,1
exceptional,1
hugehiphome,1
porch,1
leaves,1
directions,1
without,1
gowanus,1
complitely,1
security,1
javitscenter,1
collectors,1
wigwam,1
courteous,1
infused,1
fabolous,1
kensington,1
gather,1
dolce,1
fingertips,1
discover,1
mellow,1
attractive,1
majestic,1
colleges,1
await,1
dorm,1
ease,1
architects,1
less,1
fire,1
bigger,1
cold,1
gp,1
woho,1
germania,1
rejuvenate,1
dublex,1
entirehome,1
bckyard,1
bdrmpresidential,1
borough,1
occupied,1
media,1
cluehouse,1
sg,1
gotham,1
grrenpoint,1
creation,1
mnhtn,1
reading,1
midtownwest,1
luminous,1
hacienda,1
tent,1
houses,1
cntrl,1
parkview,1
furnitured,1
decorator,1
diggs,1
aloft,1
lawrence,1
current,1
byd,1
ameluz,1
palm,1
condition,1
wyn,1
futon,1
oceanside,1
many,1
opening,1
midwood,1
minslga,1
chambres,1
homes,1
therapy,1
features,1
student,1
bt,1
photosht,1
livin,1
mels,1
wake,1
lauren,1
kchn,1
wkend,1
pelham,1
primely,1
exploring,1
breezy,1
paris,1
quartz,1
bad,1
mp,1
conscious,1
parties,1
qns,1
redefined,1
wb,1
oceanview,1
thomas,1
willimsbrg,1
rsd,1
wabi,1
gossip,1
mill,1
ebs,1
thoughtful,1
appropriated,1
prk,1
boom,1
hometown,1
modernism,1
cuisines,1
summerwintersgetaway,1
parkslop,1
loved,1
membership,1
rh,1
babygrand,1
dr,1
gilchrist,1
wine,1
suv,1
skies,1
dawn,1
photos,1
absolute,1
barnard,1
found,1
gardn,1
dwntwn,1
accomodating,1
commons,1
glamor,1
impeccable,1
seconds,1
sol,1
harrison,1
coutryard,1
williamsubrg,1
history,1
bx,1
balocony,1
rain,1
bathrms,1
cruise,1
redone,1
townhousupper,1
bigterrace,1
spirited,1
chandelier,1
lxury,1
rocks,1
rego,1
bedroomgem,1
fulton,1
nycartbnb,1
striking,1
julliard,1
pick,1
vegetarian,1
ralph,1
beautifull,1
newyork,1
summermonth,1
venice,1
qn,1
furn,1
effortlessly,1
mezzanine,1
maxs,1
marina,1
tour,1
justice,1
washerdryer,1
rod,1
brfast,1
exquisitely,1
huuuge,1
subwy,1
mirrors,1
lover,1
dance,1
overnight,1
energy,1
noise,1
instagram,1
netflix,1
ask,1
fourpoints,1
manahttan,1
showroom,1
development,1
steinway,1
spacius,1
date,1
sand,1
flix,1
brwnstne,1
wilburg,1
prince,1
luxuriate,1
ktchn,1
cafe,1
laid,1
bam,1
dean,1
dab,1
girl,1
timber,1
sunbathed,1
triangle,1
healers,1
planta,1
sleepover,1
loacation,1
queer,1
memories,1
forever,1
ventura,1
firehouse,1
drman,1
tier,1
cl,1
traveller,1
relaxation,1
millions,1
charismatic,1
roofdecks,1
bet,1
musical,1
centralpk,1
fairplay,1
unparalleled,1
xmas,1
say,1
northside,1
toddler,1
alley,1
rainfall,1
besides,1
festive,1
passover,1
bbs,1
port,1
wide,1
prospecpark,1
cobblestone,1
convrtable,1
soon,1
attic,1
seymour,1
styled,1
tones,1
celebs,1
plenty,1
excellence,1
individually,1
accommodates,1
nycs,1
glass,1
african,1
bdroom,1
tonhouse,1
thank,1
classical,1
cooperate,1
cocoon,1
precios,1
delight,1
authority,1
owned,1
splashed,1
parkways,1
bella,1
hampton,1
fr,1
bulls,1
exp,1
sft,1
freedom,1
refuge,1
plantlovers,1
bh,1
stopper,1
panorama,1
listed,1
rstrnts,1
woodruffe,1
bike,1
smack,1
kalajones,1
fold,1
surrealist,1
glorious,1
kit,1
brnstn,1
wedding,1
tenement,1
ful,1
shower,1
deposit,1
sizable,1
brite,1
originally,1
luxuriest,1
lahore,1
brickwall,1
scandinavian,1
luxmaster,1
pop,1
brownstones,1
swim,1
bb,1
assemblage,1
pfizer,1
vibe,1
cpw,1
lighted,1
storage,1
gimme,1
ziggy,1
vita,1
stable,1
esque,1
sams,1
along,1
trad,1
alisha,1
timeout,1
quality,1
memorial,1
metropolitan,1
eldridge,1
soak,1
kiwi,1
highways,1
bdway,1
freeparking,1
eagle,1
hebrews,1
path,1
secured,1
newyorkr,1
elkins,1
doubles,1
sedaon,1
try,1
minimalistic,1
comforts,1
bottled,1
bedrroms,1
cathedral,1
wroof,1
classes,1
coolest,1
villagetownhouse,1
game,1
mns,1
science,1
extravagant,1
ecletic,1
ludlow,1
fetching,1
belle,1
manhtan,1
galore,1
muse,1
skylights,1
terrasse,1
bose,1
palazzo,1
waverly,1
sommwhere,1
blanca,1
recycle,1
xlarge,1
enchanting,1
exciting,1
theaters,1
villlage,1
spacey,1
jour,1
houston,1
cub,1
mag,1
cumc,1
jazzy,1
rockaways,1
savings,1
capsule,1
mts,1
esther,1
colossal,1
bathtub,1
use,1
multilevel,1
markup,1
unionsqr,1
largegroups,1
eastern,1
destination,1
dock,1
blvd,1
kemare,1
born,1
benefits,1
citified,1
shoes,1
skool,1
factor,1
cy,1
dappled,1
position,1
splash,1
break,1
lusurious,1
turquoise,1
wonder,1
property,1
corona,1
hustle,1
experiencing,1
boudoir,1
oval,1
look,1
boh,1
heat,1
minwalktotrain,1
stunner,1
sunsetpark,1
comfortably,1
share,1
epicenter,1
ideally,1
grows,1
wooded,1
georgeous,1
superbe,1
peace,1
wtc,1
blowup,1
popups,1
redbrick,1
fit,1
galaxy,1
prestige,1
tiny,1
producer,1
clason,1
cntl,1
dist,1
purchase,1
rough,1
henry,1
moxy,1
pr,1
proper,1
verve,1
towers,1
convertible,1
tulum,1
ex,1
divided,1
penthouz,1
panaromic,1
residences,1
synagogue,1
isaac,1
franklin,1
btw,1
dreams,1
total,1
fantastical,1
infront,1
scandanavian,1
guesthouse,1
staying,1
danish,1
main,1
common,1
modem,1
cq,1
stylist,1
brkln,1
low,1
plymouth,1
parkslope,1
hewes,1
deep,1
charles,1
sec,1
someone,1
baja,1
bungalo,1
hoffman,1
gnome,1
unbelievable,1
quick,1
timessq,1
unfurnished,1
nicest,1
inquiry,1
kansas,1
cityscape,1
yellow,1
actor,1
doormen,1
garfield,1
manhat,1
southwestern,1
vista,1
gear,1
mayor,1
much,1
lgbtqia,1
chanukah,1
unsq,1
rounder,1
road,1
photoshoot,1
agreement,1
young,1
absolutely,1
inground,1
mesmerized,1
gq,1
wvillgmtpkgchls,1
lr,1
bookish,1
alpha,1
set,1
packed,1
rebuilt,1
container,1
nation,1
beauitful,1
rennovated,1
kingston,1
pines,1
klein,1
varied,1
bercharmer,1
dominiq,1
vlg,1
bricks,1
uninterrupted,1
mn,1
harrigan,1
desired,1
beachy,1
dupluxury,1
sunsets,1
carrol,1
nys,1
george,1
marry,1
rest,1
birds,1
centra,1
monkey,1
aptmt,1
lefferts,1
wd,1
site,1
aparment,1
meticulously,1
beverly,1
estrella,1
kitch,1
parents,1
alive,1
sqare,1
bbqs,1
whatever,1
homestead,1
upws,1
nyuw,1
hamptons,1
ponderosa,1
vj,1
billion,1
floorthru,1
bedloft,1
stardust,1
centered,1
creek,1
things,1
timesqaure,1
johns,1
content,1
jungle,1
manhttn,1
oportunidad,1
respectful,1
elevation,1
snowfort,1
willamsburg,1
pratt,1
sharbell,1
fam,1
ct,1
individual,1
conve,1
scandi,1
winning,1
unfurn,1
children,1
spaces,1
bdms,1
cosmopolitan,1
grammercy,1
bl,1
mediation,1
hour,1
richmond,1
derl,1
motoryacht,1
pope,1
emf,1
library,1
palce,1
angelina,1
review,1
refined,1
remote,1
everyone,1
base,1
attached,1
never,1
convienent,1
warmth,1
debbie,1
photographers,1
trip,1
kook,1
meyers,1
gated,1
bathed,1
lvpenthouse,1
spaha,1
erhart,1
explorer,1
marko,1
baltic,1
fabulously,1
american,1
wf,1
offers,1
empirestatebuilding,1
bachelorette,1
moma,1
hamilton,1
bkyard,1
combined,1
stateroom,1
hosted,1
gooood,1
earthy,1
worlds,1
mkt,1
beside,1
sanctum,1
yorkers,1
stellar,1
getwaway,1
concierge,1
gtrain,1
subwayslp,1
sohostyle,1
gorgeouslowereast,1
dawntawn,1
inter,1
azul,1
unheard,1
parkside,1
steal,1
scale,1
dedicated,1
manhattans,1
stocked,1
marble,1
ser,1
dominiques,1
baclony,1
aprt,1
opt,1
bthrm,1
alia,1
amongst,1
finished,1
plans,1
southside,1
pt,1
jumel,1
villager,1
delux,1
stonehouse,1
guggenheim,1
noisy,1
sheepshead,1
bedrooom,1
dumont,1
cambridge,1
feeling,1
nysa,1
hosts,1
murrayhill,1
riverview,1
bedw,1
assembly,1
ageloff,1
bars,1
dooman,1
vacationers,1
swoon,1
mikey,1
smoke,1
standing,1
coast,1
lowereastside,1
hotels,1
bliss,1
picture,1
enough,1
seasidenestnyc,1
accommodations,1
collected,1
timeshare,1
infamous,1
maspeth,1
ass,1
marvelous,1
grove,1
cap,1
ber,1
cooper,1
prospectpark,1
institute,1
dash,1
elgant,1
beautifu,1
seen,1
javitz,1
bdm,1
celebrities,1
winged,1
nicely,1
authors,1
completed,1
bdrs,1
empirest,1
goldfish,1
borghese,1
crew,1
visiting,1
stunningly,1
kipsbay,1
gen,1
november,1
locations,1
thriving,1
soaking,1
debonair,1
photographer,1
ro,1
sobecatown,1
kipsb,1
precious,1
ivy,1
pools,1
spunky,1
sensational,1
lirr,1
shasha,1
yd,1
pax,1
sleeping,1
bathrm,1
ummer,1
bayside,1
alternative,1
modernly,1
dreamlike,1
linen,1
conveniences,1
privateprkng,1
solar,1
centre,1
broolyn,1
basin,1
crcle,1
bunk,1
turtle,1
coming,1
shell,1
far,1
aysgarth,1
moment,1
drop,1
former,1
thebluehouse,1
comp,1
bear,1
miriams,1
bustle,1
oldest,1
bdrmsoho,1
stens,1
sauve,1
midwest,1
sprawling,1
brs,1
match,1
couples,1
wiliamsburg,1
bloomies,1
lovers,1
caretakers,1
fios,1
bathr,1
solo,1
homely,1
appt,1
terr,1
residency,1
beatuful,1
showers,1
fg,1
renters,1
glamping,1
meadows,1
couronne,1
highland,1
second,1
cut,1
shining,1
farmhouse,1
unprivate,1
philip,1
fullbath,1
shipping,1
stories,1
petite,1
unbelieveable,1
privateterrace,1
kosher,1
bon,1
rancho,1
brighton,1
biggest,1
loading,1
trundle,1
australian,1
characteristic,1
perf,1
boasts,1
bajaron,1
bbg,1
prettiest,1
celebrate,1
manhtn,1
appointment,1
spatious,1
takeover,1
locals,1
mavis,1
casually,1
dinning,1
multiple,1
aboard,1
ocenfront,1
occup,1
pull,1
lrge,1
check,1
said,1
brightly,1
railway,1
brooklynbridge,1
nycity,1
persons,1
flooded,1
loftw,1
sunniest,1
slp,1
fave,1
shelter,1
pearl,1
hub,1
yve,1
kingbed,1
hive,1
mercer,1
restfully,1
argyle,1
inspiration,1
tea,1
addtn,1
chrming,1
score,1
lakeview,1
sory,1
jmz,1
hrdrm,1
soaring,1
vie,1
calvin,1
money,1
gr,1
frank,1
dinners,1
wdful,1
dusk,1
horn,1
graham,1
always,1
tenament,1
uppereast,1
playr,1
pking,1
marcel,1
weeks,1
alert,1
apatments,1
exceptionally,1
bagel,1
auditorium,1
sanctury,1
totimes,1
msk,1
sqaure,1
extended,1
italianate,1
better,1
mulberry,1
screening,1
gramacy,1
turn,1
bilevel,1
dwellers,1
crystal,1
cats,1
carlton,1
touring,1
storey,1
trendiest,1
essentials,1
forward,1
entertaining,1
memorable,1
chez,1
hyper,1
bridges,1
chabla,1
aprtment,1
passport,1
filmmaker,1
nearwilliamsburg,1
extreme,1
dwtn,1
tesoro,1
nystreet,1
hideout,1
solow,1
arverne,1
vanderbilt,1
neighbor,1
fireworks,1
amnh,1
riverdale,1
highly,1
sublease,1
georgous,1
woodworker,1
ndflr,1
veneta,1
rhapsody,1
moments,1
link,1
extraordinary,1
wait,1
archive,1
breathtakingviews,1
drmn,1
cuteness,1
adr,1
thave,1
resorts,1
washing,1
hottest,1
totally,1
sustainable,1
restored,1
cloud,1
stone,1
reg,1
neve,1
brodway,1
williamsbu,1
casino,1
orgonized,1
net,1
navidad,1
hs,1
spotless,1
whimsical,1
airtrain,1
gc,1
luger,1
nextdoor,1
taste,1
stockholm,1
december,1
queenbed,1
hist,1
superbowlsunday,1
sabi,1
lxry,1
floating,1
seats,1
franco,1
jul,1
shine,1
daytime,1
oceanfront,1
stairs,1
lived,1
sugarhill,1
tourists,1
jam,1
distt,1
humble,1
french,1
dekalb,1
chambers,1
ends,1
assistance,1
dwell,1
musuems,1
swing,1
lavender,1
aprtmt,1
rug,1
twin,1
tosubway,1
unreal,1
buiding,1
sunlights,1
kitchens,1
locate,1
kings,1
unionsq,1
comtemporary,1
videos,1
casita,1
catching,1
indoors,1
season,1
mattresses,1
minim,1
chelsa,1
global,1
renovare,1
accommodate,1
outd,1
experienced,1
perfection,1
sloan,1
wallace,1
picturesque,1
inviting,1
bedrom,1
frum,1
williamburg,1
finishes,1
myhome,1
accomodation,1
infant,1
